Datum,Zaehlerstand
01.06.2016,1139
02.06.2016,1982
03.06.2016,1754
04.06.2016,880
05.06.2016,1761
06.06.2016,3206
07.06.2016,3165
08.06.2016,3471
09.06.2016,3403
10.06.2016,3151
11.06.2016,1564
12.06.2016,1293
13.06.2016,1799
14.06.2016,2024
15.06.2016,1788
16.06.2016,2101
17.06.2016,1374
18.06.2016,696
19.06.2016,1787
20.06.2016,2256
21.06.2016,2215
22.06.2016,3461
23.06.2016,4011
24.06.2016,2021
25.06.2016,279
26.06.2016,1862
27.06.2016,2021
28.06.2016,3041
29.06.2016,3306
30.06.2016,2217
01.07.2016,2118
02.07.2016,1002
03.07.2016,1715
04.07.2016,2629
05.07.2016,2750
06.07.2016,2886
07.07.2016,3226
08.07.2016,2810
09.07.2016,1931
10.07.2016,3116
11.07.2016,2700
12.07.2016,2252
13.07.2016,1881
14.07.2016,2239
15.07.2016,2081
16.07.2016,1264
17.07.2016,2190
18.07.2016,3257
19.07.2016,3676
20.07.2016,3257
21.07.2016,2553
22.07.2016,2054
23.07.2016,991
24.07.2016,2406
25.07.2016,2331
26.07.2016,2337
27.07.2016,2452
28.07.2016,1231
29.07.2016,1310
30.07.2016,1366
31.07.2016,848
01.08.2016,1965
02.08.2016,679
03.08.2016,634
04.08.2016,1692
05.08.2016,1381
06.08.2016,1446
07.08.2016,3067
08.08.2016,1788
09.08.2016,1457
10.08.2016,1137
11.08.2016,991
12.08.2016,1133
13.08.2016,2679
14.08.2016,2412
15.08.2016,2776
16.08.2016,3102
17.08.2016,3224
18.08.2016,2754
19.08.2016,2313
20.08.2016,1396
21.08.2016,807
22.08.2016,1782
23.08.2016,3652
24.08.2016,3964
25.08.2016,3680
26.08.2016,3283
27.08.2016,3391
28.08.2016,2935
29.08.2016,2570
30.08.2016,3475
31.08.2016,3695
01.09.2016,4200
02.09.2016,3108
03.09.2016,1882
04.09.2016,784
05.09.2016,2584
06.09.2016,3541
07.09.2016,3833
08.09.2016,3733
09.09.2016,3242
10.09.2016,2680
11.09.2016,2372
12.09.2016,3378
13.09.2016,3591
14.09.2016,3622
15.09.2016,3366
16.09.2016,3849
17.09.2016,1391
18.09.2016,1459
19.09.2016,2745
20.09.2016,2566
21.09.2016,3032
22.09.2016,2818
23.09.2016,2785
24.09.2016,1921
25.09.2016,4475
26.09.2016,2585
27.09.2016,2925
28.09.2016,2701
29.09.2016,2765
30.09.2016,2043
01.10.2016,809
02.10.2016,830
03.10.2016,1029
04.10.2016,2133
05.10.2016,2305
06.10.2016,1880
07.10.2016,1648
08.10.2016,874
09.10.2016,1315
10.10.2016,1246
11.10.2016,1307
12.10.2016,914
13.10.2016,1193
14.10.2016,1128
15.10.2016,2009
16.10.2016,1752
17.10.2016,1599
18.10.2016,1659
19.10.2016,1134
20.10.2016,814
21.10.2016,954
22.10.2016,572
23.10.2016,1097
24.10.2016,1198
25.10.2016,1473
26.10.2016,3041
27.10.2016,2140
28.10.2016,1735
29.10.2016,1112
30.10.2016,3096
31.10.2016,2105
01.11.2016,1497
02.11.2016,1662
03.11.2016,1816
04.11.2016,1593
05.11.2016,735
06.11.2016,762
07.11.2016,866
08.11.2016,1404
09.11.2016,1026
10.11.2016,1009
11.11.2016,980
12.11.2016,687
13.11.2016,692
14.11.2016,1567
15.11.2016,801
16.11.2016,684
17.11.2016,981
18.11.2016,871
19.11.2016,747
20.11.2016,501
21.11.2016,1226
22.11.2016,1418
23.11.2016,1413
24.11.2016,1534
25.11.2016,1434
26.11.2016,1679
27.11.2016,530
28.11.2016,1385
29.11.2016,1345
30.11.2016,1277
01.12.2016,1170
02.12.2016,1015
03.12.2016,537
04.12.2016,517
05.12.2016,1259
06.12.2016,1359
07.12.2016,1308
08.12.2016,1308
09.12.2016,1175
10.12.2016,2019
11.12.2016,559
12.12.2016,1355
13.12.2016,1059
14.12.2016,1290
15.12.2016,1331
16.12.2016,1211
17.12.2016,550
18.12.2016,469
19.12.2016,1343
20.12.2016,1306
21.12.2016,2442
22.12.2016,549
23.12.2016,1054
24.12.2016,262
25.12.2016,207
26.12.2016,237
27.12.2016,578
28.12.2016,535
29.12.2016,719
30.12.2016,564
31.12.2016,321
01.01.2017,275
02.01.2017,291
03.01.2017,423
04.01.2017,428
05.01.2017,635
06.01.2017,582
07.01.2017,202
08.01.2017,235
09.01.2017,1093
10.01.2017,899
11.01.2017,1011
12.01.2017,1144
13.01.2017,596
14.01.2017,390
15.01.2017,432
16.01.2017,1209
17.01.2017,1101
18.01.2017,1144
19.01.2017,1089
20.01.2017,1012
21.01.2017,594
22.01.2017,610
23.01.2017,1059
24.01.2017,783
25.01.2017,931
26.01.2017,1004
27.01.2017,1004
28.01.2017,587
29.01.2017,612
30.01.2017,807
31.01.2017,1178
01.02.2017,1310
02.02.2017,1391
03.02.2017,999
04.02.2017,1535
05.02.2017,855
06.02.2017,1332
07.02.2017,1001
08.02.2017,1281
09.02.2017,1364
10.02.2017,1068
11.02.2017,241
12.02.2017,767
13.02.2017,1353
14.02.2017,1509
15.02.2017,1718
16.02.2017,1018
17.02.2017,950
18.02.2017,734
19.02.2017,1628
20.02.2017,1052
21.02.2017,1141
22.02.2017,732
23.02.2017,544
24.02.2017,758
25.02.2017,585
26.02.2017,620
27.02.2017,483
28.02.2017,670
01.03.2017,873
02.03.2017,886
03.03.2017,1178
04.03.2017,2519
05.03.2017,819
06.03.2017,841
07.03.2017,872
08.03.2017,691
09.03.2017,888
10.03.2017,1555
11.03.2017,1273
12.03.2017,2154
13.03.2017,2031
14.03.2017,2225
15.03.2017,2192
16.03.2017,2644
17.03.2017,1416
18.03.2017,1115
19.03.2017,806
20.03.2017,1636
21.03.2017,1570
22.03.2017,1967
23.03.2017,2297
24.03.2017,2256
25.03.2017,1823
26.03.2017,2075
27.03.2017,2664
28.03.2017,2848
29.03.2017,2357
30.03.2017,2659
31.03.2017,2809
01.04.2017,1076
02.04.2017,2492
03.04.2017,2496
04.04.2017,4377
05.04.2017,2165
06.04.2017,1751
07.04.2017,1897
08.04.2017,2921
09.04.2017,2986
10.04.2017,1554
11.04.2017,1616
12.04.2017,1526
13.04.2017,1128
14.04.2017,915
15.04.2017,407
16.04.2017,424
17.04.2017,702
18.04.2017,1467
19.04.2017,1683
20.04.2017,1882
21.04.2017,2539
22.04.2017,871
23.04.2017,1314
24.04.2017,2758
25.04.2017,2082
26.04.2017,2427
27.04.2017,2430
28.04.2017,2022
29.04.2017,1173
30.04.2017,2683
01.05.2017,292
02.05.2017,1476
03.05.2017,1974
04.05.2017,1954
05.05.2017,3511
06.05.2017,2366
07.05.2017,1537
08.05.2017,2238
09.05.2017,2894
10.05.2017,3328
11.05.2017,2963
12.05.2017,1901
13.05.2017,1677
14.05.2017,1402
15.05.2017,3484
16.05.2017,3857
17.05.2017,4489
18.05.2017,1934
19.05.2017,1198
20.05.2017,3429
21.05.2017,2862
22.05.2017,3807
23.05.2017,3811
24.05.2017,2858
25.05.2017,3042
26.05.2017,2984
27.05.2017,2996
28.05.2017,2202
29.05.2017,4264
30.05.2017,3299
31.05.2017,3723
01.06.2017,3821
02.06.2017,2987
03.06.2017,1637
04.06.2017,1638
05.06.2017,3176
06.06.2017,1356
07.06.2017,1943
08.06.2017,2705
09.06.2017,1912
10.06.2017,2526
11.06.2017,3245
12.06.2017,3228
13.06.2017,3425
14.06.2017,3938
15.06.2017,3317
16.06.2017,2383
17.06.2017,1651
18.06.2017,3255
19.06.2017,4305
20.06.2017,4401
21.06.2017,4744
22.06.2017,3646
23.06.2017,3332
24.06.2017,1964
25.06.2017,1801
26.06.2017,3508
27.06.2017,2996
28.06.2017,2105
29.06.2017,2668
30.06.2017,2599
01.07.2017,507
02.07.2017,1314
03.07.2017,3722
04.07.2017,3935
05.07.2017,4184
06.07.2017,3461
07.07.2017,3620
08.07.2017,2656
09.07.2017,3129
10.07.2017,2264
11.07.2017,3357
12.07.2017,1141
13.07.2017,3424
14.07.2017,2084
15.07.2017,1787
16.07.2017,1668
17.07.2017,2181
18.07.2017,4014
19.07.2017,2494
20.07.2017,1908
21.07.2017,2833
22.07.2017,2058
23.07.2017,1695
24.07.2017,1164
25.07.2017,876
26.07.2017,2122
27.07.2017,2052
28.07.2017,1860
29.07.2017,1514
30.07.2017,2206
31.07.2017,2533
01.08.2017,1509
02.08.2017,2008
03.08.2017,1493
04.08.2017,1699
05.08.2017,696
06.08.2017,3104
07.08.2017,2699
08.08.2017,1391
09.08.2017,2261
10.08.2017,478
11.08.2017,896
12.08.2017,561
13.08.2017,2076
14.08.2017,2458
15.08.2017,1445
16.08.2017,2117
17.08.2017,1528
18.08.2017,601
19.08.2017,1103
20.08.2017,1474
21.08.2017,2254
22.08.2017,2720
23.08.2017,3288
24.08.2017,2489
25.08.2017,3489
26.08.2017,1611
27.08.2017,3695
28.08.2017,3307
29.08.2017,3781
30.08.2017,2825
31.08.2017,1789
01.09.2017,2699
02.09.2017,1375
03.09.2017,2505
04.09.2017,3043
05.09.2017,2817
06.09.2017,2068
07.09.2017,3345
08.09.2017,1734
09.09.2017,806
10.09.2017,2049
11.09.2017,1767
12.09.2017,1837
13.09.2017,1487
14.09.2017,1352
15.09.2017,1566
16.09.2017,1290
17.09.2017,1386
18.09.2017,1726
19.09.2017,1948
20.09.2017,3670
21.09.2017,2735
22.09.2017,2404
23.09.2017,1582
24.09.2017,1792
25.09.2017,2574
26.09.2017,2505
27.09.2017,2932
28.09.2017,3894
29.09.2017,2443
30.09.2017,346
01.10.2017,3580
02.10.2017,1585
03.10.2017,1295
04.10.2017,2168
05.10.2017,1552
06.10.2017,1280
07.10.2017,874
08.10.2017,635
09.10.2017,1894
10.10.2017,2032
11.10.2017,2465
12.10.2017,2573
13.10.2017,2388
14.10.2017,2478
15.10.2017,2950
16.10.2017,3339
17.10.2017,2940
18.10.2017,3203
19.10.2017,2906
20.10.2017,1783
21.10.2017,893
22.10.2017,2122
23.10.2017,1640
24.10.2017,1596
25.10.2017,1978
26.10.2017,1926
27.10.2017,1315
28.10.2017,645
29.10.2017,630
30.10.2017,1274
31.10.2017,716
01.11.2017,1392
02.11.2017,2593
03.11.2017,1411
04.11.2017,1248
05.11.2017,2104
06.11.2017,1950
07.11.2017,1948
08.11.2017,1835
09.11.2017,1865
10.11.2017,1413
11.11.2017,410
12.11.2017,362
13.11.2017,1868
14.11.2017,2377
15.11.2017,1845
16.11.2017,1855
17.11.2017,1764
18.11.2017,867
19.11.2017,712
20.11.2017,1172
21.11.2017,1255
22.11.2017,2082
23.11.2017,2916
24.11.2017,952
25.11.2017,588
26.11.2017,1691
27.11.2017,1025
28.11.2017,1539
29.11.2017,1610
30.11.2017,1100
01.12.2017,1095
02.12.2017,583
03.12.2017,213
04.12.2017,1160
05.12.2017,1475
06.12.2017,1639
07.12.2017,1455
08.12.2017,1037
09.12.2017,352
10.12.2017,506
11.12.2017,886
12.12.2017,1280
13.12.2017,1140
14.12.2017,1017
15.12.2017,1132
16.12.2017,1386
17.12.2017,412
18.12.2017,839
19.12.2017,1079
20.12.2017,1064
21.12.2017,951
22.12.2017,573
23.12.2017,866
24.12.2017,319
25.12.2017,364
26.12.2017,296
27.12.2017,463
28.12.2017,466
29.12.2017,385
30.12.2017,316
31.12.2017,459
01.01.2018,288
02.01.2018,548
03.01.2018,309
04.01.2018,529
05.01.2018,868
06.01.2018,623
07.01.2018,630
08.01.2018,1665
09.01.2018,1774
10.01.2018,1507
11.01.2018,1677
12.01.2018,1403
13.01.2018,898
14.01.2018,2323
15.01.2018,1401
16.01.2018,1103
17.01.2018,894
18.01.2018,628
19.01.2018,1069
20.01.2018,399
21.01.2018,599
22.01.2018,1153
23.01.2018,1499
24.01.2018,1733
25.01.2018,1088
26.01.2018,1298
27.01.2018,2673
28.01.2018,723
29.01.2018,1322
30.01.2018,1792
31.01.2018,1059
01.02.2018,1401
02.02.2018,1775
03.02.2018,687
04.02.2018,534
05.02.2018,1373
06.02.2018,1185
07.02.2018,900
08.02.2018,636
09.02.2018,632
10.02.2018,363
11.02.2018,272
12.02.2018,425
13.02.2018,894
14.02.2018,1339
15.02.2018,458
16.02.2018,1059
17.02.2018,1917
18.02.2018,1001
19.02.2018,1207
20.02.2018,1275
21.02.2018,1431
22.02.2018,1316
23.02.2018,1182
24.02.2018,661
25.02.2018,623
26.02.2018,1089
27.02.2018,1000
28.02.2018,970
01.03.2018,821
02.03.2018,793
03.03.2018,249
04.03.2018,2074
05.03.2018,1496
06.03.2018,1694
07.03.2018,1371
08.03.2018,1223
09.03.2018,1317
10.03.2018,920
11.03.2018,1062
12.03.2018,1408
13.03.2018,844
14.03.2018,1884
15.03.2018,1707
16.03.2018,1036
17.03.2018,304
18.03.2018,1485
19.03.2018,1413
20.03.2018,1285
21.03.2018,2325
22.03.2018,910
23.03.2018,1298
24.03.2018,1200
25.03.2018,1585
26.03.2018,1485
27.03.2018,1038
28.03.2018,699
29.03.2018,1075
30.03.2018,1219
31.03.2018,1011
01.04.2018,161
02.04.2018,811
03.04.2018,1153
04.04.2018,1115
05.04.2018,1178
06.04.2018,1926
07.04.2018,3711
08.04.2018,2966
09.04.2018,3354
10.04.2018,4238
11.04.2018,2052
12.04.2018,3212
13.04.2018,2627
14.04.2018,2209
15.04.2018,2456
16.04.2018,3553
17.04.2018,4394
18.04.2018,4583
19.04.2018,4556
20.04.2018,4305
21.04.2018,2907
22.04.2018,3456
23.04.2018,3407
24.04.2018,3712
25.04.2018,2902
26.04.2018,2863
27.04.2018,3301
28.04.2018,1816
29.04.2018,1394
30.04.2018,1624
01.05.2018,1630
02.05.2018,3716
03.05.2018,3766
04.05.2018,3554
05.05.2018,4265
06.05.2018,3834
07.05.2018,4732
08.05.2018,5006
09.05.2018,4198
10.05.2018,1763
11.05.2018,2515
12.05.2018,2613
13.05.2018,287
14.05.2018,3386
15.05.2018,4537
16.05.2018,3083
17.05.2018,3347
18.05.2018,2865
19.05.2018,1774
20.05.2018,2245
21.05.2018,2482
22.05.2018,1837
23.05.2018,2070
24.05.2018,2066
25.05.2018,2445
26.05.2018,2915
27.05.2018,2179
28.05.2018,4550
29.05.2018,3765
30.05.2018,4482
31.05.2018,3704
01.06.2018,718
02.06.2018,1919
03.06.2018,3052
04.06.2018,4730
05.06.2018,4674
06.06.2018,5632
07.06.2018,4083
08.06.2018,2530
09.06.2018,2566
10.06.2018,2879
11.06.2018,3893
12.06.2018,2919
13.06.2018,3647
14.06.2018,3389
15.06.2018,3292
16.06.2018,2077
17.06.2018,2320
18.06.2018,3620
19.06.2018,3836
20.06.2018,5017
21.06.2018,3340
22.06.2018,2626
23.06.2018,1603
24.06.2018,2048
25.06.2018,3551
26.06.2018,4271
27.06.2018,4406
28.06.2018,4630
29.06.2018,4445
30.06.2018,3185
01.07.2018,3409
02.07.2018,4694
03.07.2018,5407
04.07.2018,3932
05.07.2018,4356
06.07.2018,3716
07.07.2018,2882
08.07.2018,3721
09.07.2018,3863
10.07.2018,3088
11.07.2018,3418
12.07.2018,4306
13.07.2018,4071
14.07.2018,2944
15.07.2018,3733
16.07.2018,4055
17.07.2018,3582
18.07.2018,3926
19.07.2018,3809
20.07.2018,3069
21.07.2018,2361
22.07.2018,3275
23.07.2018,2893
24.07.2018,3470
25.07.2018,3576
26.07.2018,3089
27.07.2018,3048
28.07.2018,1525
29.07.2018,3003
30.07.2018,2899
31.07.2018,3095
01.08.2018,2731
02.08.2018,2970
03.08.2018,2809
04.08.2018,2144
05.08.2018,2733
06.08.2018,2889
07.08.2018,3171
08.08.2018,1897
09.08.2018,1649
10.08.2018,2123
11.08.2018,1801
12.08.2018,2609
13.08.2018,2816
14.08.2018,1570
15.08.2018,2322
16.08.2018,3016
17.08.2018,1440
18.08.2018,2090
19.08.2018,2710
20.08.2018,2263
21.08.2018,2913
22.08.2018,3712
23.08.2018,3279
24.08.2018,1924
25.08.2018,2580
26.08.2018,3091
27.08.2018,2249
28.08.2018,3099
29.08.2018,2936
30.08.2018,3096
31.08.2018,2911
01.09.2018,2072
02.09.2018,2305
03.09.2018,2919
04.09.2018,3427
05.09.2018,3386
06.09.2018,2609
07.09.2018,2707
08.09.2018,1893
09.09.2018,2377
10.09.2018,3443
11.09.2018,3866
12.09.2018,3793
13.09.2018,2203
14.09.2018,2887
15.09.2018,1731
16.09.2018,4195
17.09.2018,3468
18.09.2018,3937
19.09.2018,3788
20.09.2018,3794
21.09.2018,2042
22.09.2018,1109
23.09.2018,229
24.09.2018,2373
25.09.2018,4273
26.09.2018,2999
27.09.2018,3120
28.09.2018,1967
29.09.2018,1890
30.09.2018,2037
01.10.2018,2136
02.10.2018,1757
03.10.2018,1331
04.10.2018,2439
05.10.2018,2755
06.10.2018,2374
07.10.2018,1354
08.10.2018,4538
09.10.2018,3293
10.10.2018,3541
11.10.2018,3246
12.10.2018,2946
13.10.2018,2482
14.10.2018,2482
15.10.2018,2833
16.10.2018,2892
17.10.2018,2713
18.10.2018,2353
19.10.2018,1933
20.10.2018,1347
21.10.2018,1790
22.10.2018,1842
23.10.2018,1943
24.10.2018,1581
25.10.2018,1921
26.10.2018,1535
27.10.2018,2522
28.10.2018,961
29.10.2018,2332
30.10.2018,1600
31.10.2018,3471
01.11.2018,588
02.11.2018,1914
03.11.2018,1284
04.11.2018,991
05.11.2018,2557
06.11.2018,3009
07.11.2018,2937
08.11.2018,2821
09.11.2018,2448
10.11.2018,1682
11.11.2018,731
12.11.2018,1952
13.11.2018,2649
14.11.2018,2833
15.11.2018,2613
16.11.2018,2297
17.11.2018,1319
18.11.2018,1220
19.11.2018,2145
20.11.2018,2226
21.11.2018,2334
22.11.2018,2272
23.11.2018,2076
24.11.2018,442
25.11.2018,564
26.11.2018,2150
27.11.2018,2254
28.11.2018,1969
29.11.2018,1631
30.11.2018,1866
01.12.2018,2268
02.12.2018,504
03.12.2018,1634
04.12.2018,2061
05.12.2018,2061
06.12.2018,1848
07.12.2018,1355
08.12.2018,456
09.12.2018,439
10.12.2018,1638
11.12.2018,1956
12.12.2018,2104
13.12.2018,1992
14.12.2018,2778
15.12.2018,605
16.12.2018,308
17.12.2018,2293
18.12.2018,1798
19.12.2018,1907
20.12.2018,1503
21.12.2018,1489
22.12.2018,541
23.12.2018,435
24.12.2018,307
25.12.2018,341
26.12.2018,350
27.12.2018,544
28.12.2018,690
29.12.2018,369
30.12.2018,528
31.12.2018,360
01.01.2019,173
02.01.2019,835
03.01.2019,834
04.01.2019,744
05.01.2019,417
06.01.2019,505
07.01.2019,1730
08.01.2019,1445
09.01.2019,1814
10.01.2019,1886
11.01.2019,1130
12.01.2019,725
13.01.2019,235
14.01.2019,1355
15.01.2019,1906
16.01.2019,2038
17.01.2019,1487
18.01.2019,1595
19.01.2019,982
20.01.2019,740
21.01.2019,1627
22.01.2019,1552
23.01.2019,785
24.01.2019,849
25.01.2019,832
26.01.2019,566
27.01.2019,408
28.01.2019,860
29.01.2019,1744
30.01.2019,968
31.01.2019,499
01.02.2019,428
02.02.2019,201
03.02.2019,631
04.02.2019,1299
05.02.2019,1454
06.02.2019,1622
07.02.2019,1482
08.02.2019,2675
09.02.2019,786
10.02.2019,281
11.02.2019,1369
12.02.2019,1678
13.02.2019,1794
14.02.2019,2025
15.02.2019,2049
16.02.2019,1738
17.02.2019,2009
18.02.2019,2367
19.02.2019,2024
20.02.2019,2150
21.02.2019,2052
22.02.2019,1512
23.02.2019,3271
24.02.2019,1939
25.02.2019,2638
26.02.2019,2807
27.02.2019,2784
28.02.2019,1146
01.03.2019,671
02.03.2019,686
03.03.2019,351
04.03.2019,342
05.03.2019,902
06.03.2019,1843
07.03.2019,1531
08.03.2019,1337
09.03.2019,2164
10.03.2019,260
11.03.2019,827
12.03.2019,1521
13.03.2019,1031
14.03.2019,872
15.03.2019,878
16.03.2019,552
17.03.2019,586
18.03.2019,1691
19.03.2019,2247
20.03.2019,2251
21.03.2019,2781
22.03.2019,2809
23.03.2019,1157
24.03.2019,1561
25.03.2019,1631
26.03.2019,2007
27.03.2019,2227
28.03.2019,2184
29.03.2019,2614
30.03.2019,2383
31.03.2019,3677
01.04.2019,3475
02.04.2019,2635
03.04.2019,1816
04.04.2019,2060
05.04.2019,2293
06.04.2019,1672
07.04.2019,3157
08.04.2019,2827
09.04.2019,2987
10.04.2019,3491
11.04.2019,3120
12.04.2019,2155
13.04.2019,846
14.04.2019,1278
15.04.2019,4322
16.04.2019,2800
17.04.2019,1828
18.04.2019,2509
19.04.2019,2346
20.04.2019,1736
21.04.2019,1840
22.04.2019,2378
23.04.2019,2776
24.04.2019,2308
25.04.2019,2191
26.04.2019,3282
27.04.2019,566
28.04.2019,1104
29.04.2019,2963
30.04.2019,3509
01.05.2019,2652
02.05.2019,2702
03.05.2019,2342
04.05.2019,863
05.05.2019,870
06.05.2019,2617
07.05.2019,3202
08.05.2019,1875
09.05.2019,2644
10.05.2019,1874
11.05.2019,698
12.05.2019,3953
13.05.2019,3623
14.05.2019,4008
15.05.2019,4064
16.05.2019,3186
17.05.2019,2270
18.05.2019,1885
19.05.2019,1804
20.05.2019,2638
21.05.2019,1160
22.05.2019,3346
23.05.2019,3975
24.05.2019,3553
25.05.2019,2366
26.05.2019,2188
27.05.2019,2655
28.05.2019,2776
29.05.2019,3292
30.05.2019,2192
31.05.2019,2687
01.06.2019,2847
02.06.2019,4045
03.06.2019,2580
04.06.2019,4269
05.06.2019,4604
06.06.2019,3321
07.06.2019,3247
08.06.2019,1188
09.06.2019,2412
10.06.2019,2122
11.06.2019,2455
12.06.2019,2901
13.06.2019,3858
14.06.2019,3555
15.06.2019,2219
16.06.2019,2831
17.06.2019,4605
18.06.2019,4950
19.06.2019,3757
20.06.2019,1939
21.06.2019,3239
22.06.2019,2852
23.06.2019,3642
24.06.2019,5105
25.06.2019,5370
26.06.2019,5856
27.06.2019,5181
28.06.2019,4682
29.06.2019,3402
30.06.2019,3268
01.07.2019,4546
02.07.2019,4651
03.07.2019,4771
04.07.2019,4849
05.07.2019,4745
06.07.2019,3237
07.07.2019,2661
08.07.2019,3406
09.07.2019,4322
10.07.2019,4640
11.07.2019,3580
12.07.2019,2755
13.07.2019,1327
14.07.2019,2063
15.07.2019,2777
16.07.2019,2926
17.07.2019,3160
18.07.2019,3021
19.07.2019,2520
20.07.2019,1343
21.07.2019,2516
22.07.2019,3320
23.07.2019,3601
24.07.2019,3324
25.07.2019,3077
26.07.2019,2358
27.07.2019,1179
28.07.2019,650
29.07.2019,2981
30.07.2019,3180
31.07.2019,2671
01.08.2019,2579
02.08.2019,1978
03.08.2019,1359
04.08.2019,3512
05.08.2019,2247
06.08.2019,2249
07.08.2019,2232
08.08.2019,2347
09.08.2019,1265
10.08.2019,1520
11.08.2019,2312
12.08.2019,1771
13.08.2019,2012
14.08.2019,2584
15.08.2019,1464
16.08.2019,2079
17.08.2019,1144
18.08.2019,677
19.08.2019,2874
20.08.2019,2905
21.08.2019,2969
22.08.2019,3293
23.08.2019,4937
24.08.2019,2757
25.08.2019,4046
26.08.2019,3751
27.08.2019,3740
28.08.2019,4280
29.08.2019,3890
30.08.2019,4227
31.08.2019,2882
01.09.2019,1928
02.09.2019,3795
03.09.2019,3583
04.09.2019,3475
05.09.2019,3954
06.09.2019,3203
07.09.2019,1169
08.09.2019,1062
09.09.2019,3349
10.09.2019,3772
11.09.2019,2840
12.09.2019,3295
13.09.2019,2804
14.09.2019,4394
15.09.2019,2843
16.09.2019,2869
17.09.2019,3345
18.09.2019,3250
19.09.2019,3111
20.09.2019,3109
21.09.2019,2206
22.09.2019,2324
23.09.2019,1907
24.09.2019,2620
25.09.2019,2734
26.09.2019,1963
27.09.2019,2504
28.09.2019,1132
29.09.2019,2116
30.09.2019,2281
01.10.2019,1840
02.10.2019,2232
03.10.2019,1142
04.10.2019,948
05.10.2019,1189
06.10.2019,193
07.10.2019,2616
08.10.2019,1356
09.10.2019,2439
10.10.2019,2704
11.10.2019,2356
12.10.2019,1768
13.10.2019,2134
14.10.2019,2762
15.10.2019,1944
16.10.2019,1744
17.10.2019,1648
18.10.2019,1517
19.10.2019,614
20.10.2019,967
21.10.2019,2092
22.10.2019,2247
23.10.2019,2468
24.10.2019,2407
25.10.2019,2063
26.10.2019,1886
27.10.2019,814
28.10.2019,2672
29.10.2019,2786
30.10.2019,2786
31.10.2019,2554
01.11.2019,287
02.11.2019,716
03.11.2019,840
04.11.2019,1980
05.11.2019,2154
06.11.2019,1521
07.11.2019,1965
08.11.2019,3305
09.11.2019,1115
10.11.2019,1274
11.11.2019,1894
12.11.2019,2030
13.11.2019,2314
14.11.2019,2301
15.11.2019,1995
16.11.2019,1213
17.11.2019,763
18.11.2019,1037
19.11.2019,1683
20.11.2019,2141
21.11.2019,2047
22.11.2019,1750
23.11.2019,1194
24.11.2019,1195
25.11.2019,2289
26.11.2019,2215
27.11.2019,1896
28.11.2019,1440
29.11.2019,1890
30.11.2019,2338
01.12.2019,636
02.12.2019,1852
03.12.2019,2117
04.12.2019,2239
05.12.2019,2046
06.12.2019,1140
07.12.2019,708
08.12.2019,529
09.12.2019,1536
10.12.2019,2152
11.12.2019,1140
12.12.2019,1902
13.12.2019,911
14.12.2019,1407
15.12.2019,679
16.12.2019,1479
17.12.2019,2076
18.12.2019,2163
19.12.2019,2099
20.12.2019,1299
21.12.2019,2310
22.12.2019,482
23.12.2019,961
24.12.2019,206
25.12.2019,153
26.12.2019,435
27.12.2019,510
28.12.2019,528
29.12.2019,472
30.12.2019,778
31.12.2019,433
01.01.2020,440
02.01.2020,742
03.01.2020,549
04.01.2020,605
05.01.2020,674
06.01.2020,1761
07.01.2020,2041
08.01.2020,1894
09.01.2020,1233
10.01.2020,1006
11.01.2020,1031
12.01.2020,859
13.01.2020,2132
14.01.2020,2128
15.01.2020,2437
16.01.2020,2521
17.01.2020,1654
18.01.2020,2209
19.01.2020,725
20.01.2020,1988
21.01.2020,2172
22.01.2020,1914
23.01.2020,1826
24.01.2020,1693
25.01.2020,943
26.01.2020,1182
27.01.2020,1464
28.01.2020,1469
29.01.2020,1945
30.01.2020,1964
31.01.2020,1836
01.02.2020,384
02.02.2020,1658
03.02.2020,1667
04.02.2020,1266
05.02.2020,2022
06.02.2020,1911
07.02.2020,1912
08.02.2020,950
09.02.2020,393
10.02.2020,298
11.02.2020,1000
12.02.2020,1524
13.02.2020,1301
14.02.2020,1360
15.02.2020,1359
16.02.2020,2117
17.02.2020,1712
18.02.2020,1881
19.02.2020,1723
20.02.2020,974
21.02.2020,1152
22.02.2020,647
23.02.2020,160
24.02.2020,368
25.02.2020,1041
26.02.2020,814
27.02.2020,1071
28.02.2020,1424
29.02.2020,1785
01.03.2020,988
02.03.2020,1499
03.03.2020,1885
04.03.2020,1771
05.03.2020,1180
06.03.2020,878
07.03.2020,1325
08.03.2020,1049
09.03.2020,1994
10.03.2020,1301
11.03.2020,1059
12.03.2020,1846
13.03.2020,1737
14.03.2020,1647
15.03.2020,2210
16.03.2020,2631
17.03.2020,2677
18.03.2020,2805
19.03.2020,2403
20.03.2020,1600
21.03.2020,2266
22.03.2020,2295
23.03.2020,1723
24.03.2020,2080
25.03.2020,2360
26.03.2020,2282
27.03.2020,2716
28.03.2020,3453
29.03.2020,663
30.03.2020,1648
31.03.2020,2196
01.04.2020,2320
02.04.2020,2078
03.04.2020,1450
04.04.2020,3079
05.04.2020,3860
06.04.2020,3192
07.04.2020,3126
08.04.2020,3422
09.04.2020,3112
10.04.2020,4196
11.04.2020,3706
12.04.2020,4118
13.04.2020,1748
14.04.2020,1843
15.04.2020,2959
16.04.2020,3671
17.04.2020,3563
18.04.2020,2666
19.04.2020,2878
20.04.2020,3072
21.04.2020,3420
22.04.2020,3555
23.04.2020,3775
24.04.2020,3397
25.04.2020,3396
26.04.2020,4221
27.04.2020,3550
28.04.2020,1869
29.04.2020,2196
30.04.2020,1500
01.05.2020,1977
02.05.2020,1015
03.05.2020,3522
04.05.2020,2102
05.05.2020,3175
06.05.2020,3633
07.05.2020,3521
08.05.2020,3558
09.05.2020,3996
10.05.2020,2039
11.05.2020,1874
12.05.2020,2715
13.05.2020,2897
14.05.2020,3204
15.05.2020,3320
16.05.2020,3301
17.05.2020,4040
18.05.2020,3655
19.05.2020,3841
20.05.2020,3305
21.05.2020,4972
22.05.2020,2597
23.05.2020,2356
24.05.2020,2489
25.05.2020,3192
26.05.2020,4097
27.05.2020,4437
28.05.2020,4020
29.05.2020,3892
30.05.2020,3362
31.05.2020,3549
01.06.2020,4571
02.06.2020,3991
03.06.2020,3822
04.06.2020,1657
05.06.2020,1338
06.06.2020,1948
07.06.2020,2843
08.06.2020,3440
09.06.2020,3518
10.06.2020,2869
11.06.2020,2675
12.06.2020,4295
13.06.2020,3253
14.06.2020,2243
15.06.2020,3719
16.06.2020,2248
17.06.2020,3312
18.06.2020,3590
19.06.2020,3852
20.06.2020,3455
21.06.2020,4592
22.06.2020,3941
23.06.2020,5195
24.06.2020,5538
25.06.2020,5105
26.06.2020,4780
27.06.2020,2452
28.06.2020,2556
29.06.2020,2618
30.06.2020,3385
01.07.2020,1889
02.07.2020,2460
03.07.2020,2845
04.07.2020,2054
05.07.2020,2336
06.07.2020,2541
07.07.2020,3262
08.07.2020,1041
09.07.2020,2477
10.07.2020,1970
11.07.2020,2442
12.07.2020,3069
13.07.2020,3724
14.07.2020,2436
15.07.2020,2877
16.07.2020,1607
17.07.2020,2569
18.07.2020,2878
19.07.2020,3456
20.07.2020,2601
21.07.2020,3331
22.07.2020,3336
23.07.2020,3669
24.07.2020,2521
25.07.2020,1954
26.07.2020,2236
27.07.2020,2719
28.07.2020,2978
29.07.2020,3314
30.07.2020,3422
31.07.2020,3273
01.08.2020,2101
02.08.2020,2680
03.08.2020,2867
04.08.2020,3474
05.08.2020,4171
06.08.2020,4171
07.08.2020,3737
08.08.2020,3032
09.08.2020,2917
10.08.2020,4054
11.08.2020,3790
12.08.2020,3785
13.08.2020,3834
14.08.2020,3964
15.08.2020,2458
16.08.2020,3621
17.08.2020,3274
18.08.2020,3801
19.08.2020,4797
20.08.2020,4811
21.08.2020,3992
22.08.2020,3567
23.08.2020,2916
24.08.2020,3997
25.08.2020,3724
26.08.2020,2189
27.08.2020,4048
28.08.2020,3586
29.08.2020,2715
30.08.2020,2691
31.08.2020,3443
01.09.2020,3959
02.09.2020,4295
03.09.2020,2930
04.09.2020,3136
05.09.2020,2235
06.09.2020,2838
07.09.2020,4070
08.09.2020,4055
09.09.2020,4074
10.09.2020,4316
11.09.2020,4052
12.09.2020,3221
13.09.2020,3597
14.09.2020,4507
15.09.2020,4606
16.09.2020,4471
17.09.2020,4336
18.09.2020,3943
19.09.2020,2946
20.09.2020,3288
21.09.2020,4119
22.09.2020,4308
23.09.2020,4226
24.09.2020,3739
25.09.2020,3050
26.09.2020,545
27.09.2020,1500
28.09.2020,2550
29.09.2020,2718
30.09.2020,3534
01.10.2020,2733
02.10.2020,3025
03.10.2020,809
04.10.2020,1650
05.10.2020,2459
06.10.2020,2355
07.10.2020,2655
08.10.2020,2799
09.10.2020,2467
10.10.2020,1770
11.10.2020,1707
12.10.2020,1548
13.10.2020,2266
14.10.2020,1876
15.10.2020,1784
16.10.2020,1618
17.10.2020,1314
18.10.2020,1538
19.10.2020,2490
20.10.2020,1748
21.10.2020,1839
22.10.2020,2153
24.10.2020,1910
25.10.2020,918
26.10.2020,2856
27.10.2020,2990
28.10.2020,3070
29.10.2020,2476
30.10.2020,2555
31.10.2020,2946
01.11.2020,1231
02.11.2020,2692
03.11.2020,3001
04.11.2020,2929
05.11.2020,2695
06.11.2020,2905
07.11.2020,2592
08.11.2020,2035
09.11.2020,2830
10.11.2020,3366
11.11.2020,2296
12.11.2020,2770
13.11.2020,2549
14.11.2020,2457
15.11.2020,1883
16.11.2020,2274
17.11.2020,2609
18.11.2020,3557
19.11.2020,2270
20.11.2020,2512
